asset,size,bytes,exists,reference_count,page_count,surfaces,pages
/assets/products/wayve-header.mp4,112.1 MB,117517113,True,1,1,live-html,pages/products/wayve-gtm.html
/assets/products/darwin-home-about.webm,58.5 MB,61363552,True,2,1,generated-dist,dist/content/darwin-social.html
/assets/products/darwin-trailer.webm,58.5 MB,61363552,True,4,3,"generated-dist, live-html, runtime-js",dist/products/darwin.html; pages/products/darwin.html; scripts/ui-tweaks.js
/assets/products/opensea-cut-1_1_cloud_prob4.mp4,58.1 MB,60902250,True,1,1,runtime-js,scripts/ui-tweaks.js
/assets/products/wayve-role-video-optimized.mp4,52.0 MB,54483600,True,1,1,live-html,pages/products/wayve-gtm.html
/assets/products/wayve-superbowl-hq.webm,38.7 MB,40562318,True,1,1,live-html,pages/products/darwin.html
/assets/products/opensea-cut-1_1_cloud_prob4-hq.webm,37.8 MB,39649477,True,4,2,"generated-dist, live-html",dist/content/opensea.html; pages/products/opensea-gtm.html
/assets/products/darwin-paid-hq.webm,30.3 MB,31730405,True,1,1,live-html,pages/products/darwin.html
/assets/products/darwin-design-ads.mp4,15.2 MB,15896187,True,2,2,"generated-dist, live-html",dist/products/darwin.html; pages/products/darwin.html
/assets/products/darwin-ad-gens.mp4,14.4 MB,15111015,True,1,1,live-html,pages/products/darwin.html
/assets/products/embedded-ai-ads-generation-02-instagram.mp4,12.3 MB,12921583,True,1,1,live-html,pages/products/darwin-ads-gtm.html
/assets/products/wayve-design-grid-04-optimized.mp4,12.2 MB,12829062,True,1,1,live-html,pages/products/wayve-gtm.html
/assets/products/wayve-generation-optimized-12.mp4,11.2 MB,11737192,True,1,1,live-html,pages/products/wayve-gtm.html
/assets/products/darwin-design-atlas.mp4,9.7 MB,10159457,True,2,2,"generated-dist, live-html",dist/products/darwin.html; pages/products/darwin.html
/assets/products/embedded-ai-ads-generation-14-3klqmh9.mp4,9.2 MB,9640851,True,1,1,live-html,pages/products/darwin-ads-gtm.html
/assets/products/ai-ugc-generation-26.mp4,9.1 MB,9496040,True,1,1,live-html,pages/products/ai-native-ugc.html
/assets/products/wayve-generation-optimized-02.mp4,8.5 MB,8956659,True,1,1,live-html,pages/products/wayve-gtm.html
/assets/products/wayve-generation-optimized-01.mp4,8.1 MB,8516071,True,1,1,live-html,pages/products/wayve-gtm.html
/assets/products/wayve-generation-optimized-09.mp4,7.9 MB,8289107,True,1,1,live-html,pages/products/wayve-gtm.html
/assets/products/wayve-design-grid-01-hq.webm,7.1 MB,7454246,True,1,1,live-html,pages/products/wayve-gtm.html
/assets/products/ai-ugc-generation-25.mp4,7.0 MB,7330711,True,1,1,live-html,pages/products/ai-native-ugc.html
/assets/products/ai-ugc-generation-28.mp4,6.9 MB,7268419,True,1,1,live-html,pages/products/ai-native-ugc.html
/assets/products/wayve-generation-optimized-07.mp4,6.8 MB,7124835,True,1,1,live-html,pages/products/wayve-gtm.html
/assets/products/ai-ugc-generation-27.mp4,6.6 MB,6871637,True,1,1,live-html,pages/products/ai-native-ugc.html
/assets/products/ai-ugc-generation-22.mp4,6.2 MB,6496292,True,1,1,live-html,pages/products/ai-native-ugc.html
/assets/products/sogni-content-video-2-1.mp4,6.1 MB,6376656,True,1,1,live-html,pages/products/sogni-gtm.html
/assets/products/ai-ugc-generation-09.mp4,5.9 MB,6214080,True,1,1,live-html,pages/products/ai-native-ugc.html
/assets/products/ai-ugc-generation-08.mp4,5.9 MB,6197692,True,1,1,live-html,pages/products/ai-native-ugc.html
/assets/products/embedded-ai-ads-generation-04-insert.mp4,5.7 MB,6019838,True,1,1,live-html,pages/products/darwin-ads-gtm.html
/assets/products/wayve-generation-optimized-06.mp4,5.3 MB,5569161,True,1,1,live-html,pages/products/wayve-gtm.html
/assets/products/ai-ugc-generation-24.mp4,5.3 MB,5530611,True,1,1,live-html,pages/products/ai-native-ugc.html
/assets/products/wayve-generation-optimized-03.mp4,5.0 MB,5286137,True,1,1,live-html,pages/products/wayve-gtm.html
/assets/products/ai-ugc-header.mp4,5.0 MB,5224190,True,1,1,live-html,pages/products/ai-native-ugc.html
/assets/products/ai-ugc-generation-05.mp4,5.0 MB,5205670,True,1,1,live-html,pages/products/ai-native-ugc.html
/assets/products/ai-ugc-generation-12.mp4,4.9 MB,5177821,True,1,1,live-html,pages/products/ai-native-ugc.html
/assets/products/ai-ugc-generation-03.mp4,4.7 MB,4963767,True,1,1,live-html,pages/products/ai-native-ugc.html
/assets/products/wayve-generation-optimized-14.mp4,4.7 MB,4952266,True,1,1,live-html,pages/products/wayve-gtm.html
/assets/products/wayve-generation-optimized-04.mp4,4.7 MB,4941223,True,1,1,live-html,pages/products/wayve-gtm.html
/assets/products/wayve-generation-optimized-08.mp4,4.7 MB,4910538,True,1,1,live-html,pages/products/wayve-gtm.html
/assets/products/ai-ugc-generation-02.mp4,4.5 MB,4701617,True,2,2,"live-html, runtime-js",pages/products/ai-native-ugc.html; scripts/ui-tweaks.js
/assets/products/ai-ugc-generation-10.mp4,4.4 MB,4645700,True,1,1,live-html,pages/products/ai-native-ugc.html
/assets/products/ai-ugc-generation-15.mp4,4.4 MB,4645420,True,1,1,live-html,pages/products/ai-native-ugc.html
/assets/products/ai-ugc-generation-13.mp4,4.4 MB,4572933,True,1,1,live-html,pages/products/ai-native-ugc.html
/assets/products/embedded-ai-ads-generation-13.mp4,4.3 MB,4552902,True,1,1,live-html,pages/products/darwin-ads-gtm.html
/assets/products/darwin_ads-hq.webm,4.1 MB,4337457,True,2,1,live-html,index.html
/assets/products/ai-ugc-generation-14.mp4,4.1 MB,4299250,True,1,1,live-html,pages/products/ai-native-ugc.html
/assets/products/ai-ugc-generation-01.mp4,4.1 MB,4295773,True,1,1,live-html,pages/products/ai-native-ugc.html
/assets/products/ai-ugc-generation-18.mp4,4.0 MB,4222776,True,1,1,live-html,pages/products/ai-native-ugc.html
/assets/products/wayve-generation-optimized-05.mp4,4.0 MB,4209239,True,1,1,live-html,pages/products/wayve-gtm.html
/assets/products/ad-gens-new-02.mp4,3.5 MB,3719956,True,1,1,live-html,pages/products/darwin.html
/assets/products/embedded-ai-ads-generation-10.mp4,3.5 MB,3719956,True,1,1,live-html,pages/products/darwin-ads-gtm.html
/assets/products/embedded-ai-ads-generation-01-download-replacement.mp4,3.5 MB,3623939,True,1,1,live-html,pages/products/darwin-ads-gtm.html
/assets/products/brand_avatars-hq.webm,3.3 MB,3505444,True,2,1,live-html,index.html
/assets/products/embedded-ai-ads-generation-11.mp4,3.2 MB,3381545,True,1,1,live-html,pages/products/darwin-ads-gtm.html
/assets/products/ai-ugc-generation-23.mp4,3.0 MB,3187096,True,1,1,live-html,pages/products/ai-native-ugc.html
/assets/products/wayve-generation-optimized-16.mp4,3.0 MB,3136484,True,1,1,live-html,pages/products/wayve-gtm.html
/assets/products/ai-ugc-generation-16.mp4,2.9 MB,3070084,True,1,1,live-html,pages/products/ai-native-ugc.html
/assets/products/embedded-ai-ads-generation-12.mp4,2.7 MB,2841670,True,1,1,live-html,pages/products/darwin-ads-gtm.html
/assets/products/embedded-ai-ads-generation-13-strictly-preserve.mp4,2.7 MB,2841670,True,1,1,live-html,pages/products/darwin-ads-gtm.html
/assets/products/wayve-generation-optimized-17.mp4,2.5 MB,2662165,True,1,1,live-html,pages/products/wayve-gtm.html
/assets/products/ad-gens-new-03.mp4,2.4 MB,2550311,True,1,1,live-html,pages/products/darwin.html
/assets/products/embedded-ai-ads-generation-09.mp4,2.4 MB,2550311,True,1,1,live-html,pages/products/darwin-ads-gtm.html
/assets/products/ad-gens-new-19.mp4,2.3 MB,2441793,True,1,1,live-html,pages/products/darwin.html
/assets/products/embedded-ai-ads-generation-04.mp4,2.3 MB,2383985,True,1,1,live-html,pages/products/darwin-ads-gtm.html
/assets/products/wayve-generation-optimized-10.mp4,2.0 MB,2136560,True,1,1,live-html,pages/products/wayve-gtm.html
/assets/products/wayve.webm,2.0 MB,2128577,True,3,2,"generated-dist, live-html",dist/products/wayve.html; index.html
/assets/products/wayve-generation-optimized-11.mp4,2.0 MB,2095246,True,1,1,live-html,pages/products/wayve-gtm.html
/assets/products/wayve-generation-optimized-15.mp4,2.0 MB,2084534,True,1,1,live-html,pages/products/wayve-gtm.html
/assets/products/ad-gens-new-07.mp4,2.0 MB,2055636,True,1,1,live-html,pages/products/darwin.html
/assets/products/wayve-header.webm,1.9 MB,1971383,True,1,1,live-html,pages/products/wayve-gtm.html
/assets/products/ai-ugc-generation-06.mp4,1.8 MB,1938705,True,1,1,live-html,pages/products/ai-native-ugc.html
/assets/products/ai-ugc-generation-07.mp4,1.8 MB,1925525,True,1,1,live-html,pages/products/ai-native-ugc.html
/assets/products/creator_avatars-hq.webm,1.8 MB,1882645,True,2,1,live-html,index.html
/assets/products/embedded-ai-ads-generation-05.mp4,1.8 MB,1860201,True,1,1,live-html,pages/products/darwin-ads-gtm.html
/assets/products/ai-ugc-generation-17.mp4,1.5 MB,1585176,True,1,1,live-html,pages/products/ai-native-ugc.html
/assets/products/ai-ugc-generation-29.mp4,1.5 MB,1544986,True,1,1,live-html,pages/products/ai-native-ugc.html
/assets/products/sogni-content-video-1-1.mp4,1.4 MB,1500505,True,2,2,"live-html, runtime-js",pages/products/sogni-gtm.html; scripts/ui-tweaks.js
/assets/products/ad-gens-new-04.mp4,1.4 MB,1438938,True,1,1,live-html,pages/products/darwin.html
/assets/products/embedded-ai-ads-generation-07.mp4,1.4 MB,1438938,True,1,1,live-html,pages/products/darwin-ads-gtm.html
/assets/products/wayve-design-grid-02-optimized.mp4,1.4 MB,1428472,True,1,1,live-html,pages/products/wayve-gtm.html
/assets/products/ai-ugc-generation-21.mp4,1.3 MB,1406366,True,1,1,live-html,pages/products/ai-native-ugc.html
/assets/products/ad-gens-new-06.mp4,1.3 MB,1401982,True,1,1,live-html,pages/products/darwin.html
/assets/products/embedded-ai-ads-generation-06.mp4,1.3 MB,1401982,True,1,1,live-html,pages/products/darwin-ads-gtm.html
/assets/products/ai-ugc-generation-19.mp4,1.3 MB,1396306,True,1,1,live-html,pages/products/ai-native-ugc.html
/assets/products/ai-ugc-generation-20.mp4,1.3 MB,1394487,True,1,1,live-html,pages/products/ai-native-ugc.html
/assets/products/darwin_studio-hq.webm,1.3 MB,1376668,True,2,1,live-html,index.html
/assets/products/ad-gens-new-17.mp4,1.3 MB,1370746,True,1,1,live-html,pages/products/darwin.html
/assets/products/embedded-ai-ads-generation-14.mp4,1.3 MB,1365926,True,1,1,live-html,pages/products/darwin-ads-gtm.html
/assets/products/pk-03.mp4,1.3 MB,1364330,True,2,1,generated-dist,dist/content/ai-native-ugc.html
/assets/products/ad-gens-new-05.mp4,1.1 MB,1202761,True,1,1,live-html,pages/products/darwin.html
/assets/products/embedded-ai-ads-generation-08.mp4,1.1 MB,1202761,True,1,1,live-html,pages/products/darwin-ads-gtm.html
/assets/products/darwin-ad-gens-6.mp4,1.1 MB,1114429,True,1,1,live-html,pages/products/darwin.html
/assets/products/ad-gens-new-15.mp4,1.1 MB,1107798,True,1,1,live-html,pages/products/darwin.html
/assets/products/opensea-generation-04.mp4,1.0 MB,1090487,True,1,1,live-html,pages/products/opensea-gtm.html
/assets/products/giphy_9x16_black_TA7YjHw3n6UBOoIPXL.webm,1.0 MB,1077059,True,2,1,generated-dist,dist/products/sogni.html
/assets/products/embedded-ai-ads-generation-03.mp4,978.7 KB,1002218,True,1,1,live-html,pages/products/darwin-ads-gtm.html
/assets/products/darwin.webm,855.2 KB,875769,True,4,3,"generated-dist, live-html, runtime-js",dist/content/embedded-ads.html; pages/products/darwin-ads-gtm.html; scripts/ui-tweaks.js
/assets/products/ad-gens-new-16.mp4,811.4 KB,830829,True,1,1,live-html,pages/products/darwin.html
/assets/products/ad-gens-new-27.mp4,781.8 KB,800595,True,1,1,live-html,pages/products/darwin.html
/assets/products/darwin-design-home.mp4,768.5 KB,786972,True,2,2,"generated-dist, live-html",dist/products/darwin.html; pages/products/darwin.html
/assets/products/ad-gens-new-24.mp4,753.9 KB,771998,True,1,1,live-html,pages/products/darwin.html
/assets/products/ad-gens-new-26.mp4,740.8 KB,758550,True,1,1,live-html,pages/products/darwin.html
/assets/products/sogni-brand-grid-video-13-web.mp4,698.4 KB,715184,True,1,1,live-html,pages/products/sogni-gtm.html
/assets/products/wayve-design-grid-03.mp4,692.7 KB,709281,True,1,1,live-html,pages/products/wayve-gtm.html
/assets/products/ad-gens-new-13.mp4,607.2 KB,621727,True,1,1,live-html,pages/products/darwin.html
/assets/products/opensea-generation-10.mp4,598.2 KB,612508,True,1,1,live-html,pages/products/opensea-gtm.html
/assets/products/ad-gens-new-21.mp4,587.5 KB,601557,True,1,1,live-html,pages/products/darwin.html
/assets/products/sogni-content-video-6.mp4,555.8 KB,569137,True,1,1,live-html,pages/products/sogni-gtm.html
/assets/products/opensea-generation-08.mp4,524.7 KB,537305,True,1,1,live-html,pages/products/opensea-gtm.html
/assets/products/sogni-brand-grid-video-11-web.mp4,512.3 KB,524592,True,1,1,live-html,pages/products/sogni-gtm.html
/assets/products/opensea-generation-03.mp4,511.1 KB,523370,True,1,1,live-html,pages/products/opensea-gtm.html
/assets/products/opensea-generation-07.mp4,507.8 KB,519980,True,1,1,live-html,pages/products/opensea-gtm.html
/assets/products/opensea-generation-12.mp4,495.2 KB,507087,True,1,1,live-html,pages/products/opensea-gtm.html
/assets/products/sogni-brand-grid-video-08-web.mp4,488.9 KB,500615,True,1,1,live-html,pages/products/sogni-gtm.html
/assets/products/ad-gens-new-28.mp4,488.7 KB,500406,True,1,1,live-html,pages/products/darwin.html
/assets/products/opensea-generation-05.mp4,485.1 KB,496704,True,1,1,live-html,pages/products/opensea-gtm.html
/assets/products/opensea-generation-02.mp4,452.4 KB,463295,True,1,1,live-html,pages/products/opensea-gtm.html
/assets/products/wayve-header-card.webm,441.4 KB,451965,True,2,2,"generated-dist, runtime-js",dist/products/wayve.html; scripts/ui-tweaks.js
/assets/products/ad-gens-new-25.mp4,407.6 KB,417356,True,1,1,live-html,pages/products/darwin.html
/assets/products/sogni-brand-grid-video-07-web.mp4,401.4 KB,411052,True,1,1,live-html,pages/products/sogni-gtm.html
/assets/products/opensea-generation-11.mp4,388.4 KB,397724,True,1,1,live-html,pages/products/opensea-gtm.html
/assets/products/ad-gens-new-20.mp4,383.8 KB,393019,True,1,1,live-html,pages/products/darwin.html
/assets/products/ad-gens-new-23.mp4,372.9 KB,381810,True,1,1,live-html,pages/products/darwin.html
/assets/products/sogni-brand-grid-video-09-web.mp4,349.1 KB,357463,True,1,1,live-html,pages/products/sogni-gtm.html
/assets/products/sogni-design-video-4-1.mp4,339.8 KB,347992,True,1,1,live-html,pages/products/sogni-gtm.html
/assets/products/ad-gens-new-18.mp4,320.2 KB,327925,True,1,1,live-html,pages/products/darwin.html
/assets/products/opensea-generation-01.mp4,319.6 KB,327266,True,1,1,live-html,pages/products/opensea-gtm.html
/assets/products/sogni-style-01-web.mp4,315.3 KB,322893,True,1,1,live-html,pages/products/sogni-gtm.html
/assets/products/sogni-style-14-web.mp4,309.4 KB,316793,True,1,1,live-html,pages/products/sogni-gtm.html
/assets/products/sogni-brand-grid-video-14-web.mp4,301.7 KB,308899,True,1,1,live-html,pages/products/sogni-gtm.html
/assets/products/sogni-brand-grid-video-10-web.mp4,296.5 KB,303592,True,1,1,live-html,pages/products/sogni-gtm.html
/assets/products/sogni-style-08-web.mp4,289.7 KB,296613,True,1,1,live-html,pages/products/sogni-gtm.html
/assets/products/sogni-style-15-web.mp4,286.4 KB,293299,True,1,1,live-html,pages/products/sogni-gtm.html
/assets/products/sogni-style-09-web.mp4,286.3 KB,293188,True,1,1,live-html,pages/products/sogni-gtm.html
/assets/products/sogni-style-07-web.mp4,282.3 KB,289042,True,1,1,live-html,pages/products/sogni-gtm.html
/assets/products/opensea-generation-06.mp4,276.0 KB,282672,True,1,1,live-html,pages/products/opensea-gtm.html
/assets/products/sogni-style-02-web.mp4,275.4 KB,282015,True,1,1,live-html,pages/products/sogni-gtm.html
/assets/products/ad-gens-new-22.mp4,262.3 KB,268625,True,1,1,live-html,pages/products/darwin.html
/assets/products/sogni-style-06-web.mp4,256.5 KB,262639,True,1,1,live-html,pages/products/sogni-gtm.html
/assets/products/sogni-brand-grid-video-15-web.mp4,253.4 KB,259461,True,1,1,live-html,pages/products/sogni-gtm.html
/assets/products/sogni-style-03-web.mp4,249.3 KB,255301,True,1,1,live-html,pages/products/sogni-gtm.html
/assets/products/sogni-style-10-web.mp4,246.1 KB,252028,True,1,1,live-html,pages/products/sogni-gtm.html
/assets/products/sogni-style-04-web.mp4,238.0 KB,243679,True,1,1,live-html,pages/products/sogni-gtm.html
/assets/products/sogni-style-05-web.mp4,187.9 KB,192405,True,1,1,live-html,pages/products/sogni-gtm.html
/assets/products/sogni-style-11-web.mp4,167.8 KB,171860,True,1,1,live-html,pages/products/sogni-gtm.html
/assets/products/ad-gens-new-12.mp4,144.8 KB,148279,True,1,1,live-html,pages/products/darwin.html
/assets/products/opensea-generation-09.mp4,143.7 KB,147188,True,1,1,live-html,pages/products/opensea-gtm.html
/assets/products/giphy_9x16_ffbf4d_130.webm,141.8 KB,145210,True,4,3,"generated-dist, live-html",dist/products/mango-clips.html; pages/products/dmos-gtm.html; pages/products/mango-clips.html
/assets/products/sogni-brand-grid-video-12-web.mp4,121.6 KB,124499,True,1,1,live-html,pages/products/sogni-gtm.html
/assets/products/sogni-brand-grid-video-06-web.mp4,54.1 KB,55359,True,1,1,live-html,pages/products/sogni-gtm.html
/assets/products/sogni-style-12-web.mp4,27.5 KB,28193,True,1,1,live-html,pages/products/sogni-gtm.html
